user,password,email
UmFB2PWyFf,b59123b041d5590e54b0d7fdb04796e0c753561071b6937e4fcf7a5e34fc0892,UmFB2PWyFf@test.com
1j0K3FnTcq,874445ebcc8d744fa365b73a03b43e31e41c398883a0a8df075bc16dede5c4e0,1j0K3FnTcq@test.com
TgyKybrF5J,b12adda1e1fc302bb6e002f1dc36e007f50653f621d4d0180dbaadfc0089b8e3,TgyKybrF5J@test.com
hL9kl2KaeV,b6da585a433065965522af0d71d2d6227552c02a8834009edbed0f221fdab43a,hL9kl2KaeV@test.com
5t1xOQX5er,a696cde9f045f0dc258635a7cde60435d01e3bec61500a42cb7820ddbf828538,5t1xOQX5er@test.com
XRzpqXNeDc,5d18232d384826a239a7b6709e7b5afe29061a8b794483ab536f0e09811ef997,XRzpqXNeDc@test.com
3vYI38XDm2,cd49a6f4e69b752b2187bc91dd587390987efba8ccac8cd5ac6c647299584543,3vYI38XDm2@test.com
LJOlXEjLi9,4ba01b89646bedba3921ceddca181a2e4dc045f76c7e139aa00519aa94e619b3,LJOlXEjLi9@test.com
0hLEYePUFs,8e89079b87cda818b20e0faa2f0613c92bccfeb78ad5f57bff9cbe8cbfcf04eb,0hLEYePUFs@test.com
JZcZYlCyQh,3790276fa18f9773628383398a2a87e07a2c6b8f50d80fc2f77ff074bfd15dfe,JZcZYlCyQh@test.com
ybtNiJ9uvr,b577deaa06236e0de9dba227623a2d1414e18aa28293cb5c9c267cd9111427cb,ybtNiJ9uvr@test.com
7T4xyV4fen,f7b314936004571315b5c601f3d74345d9953f11afe09e541b64b701aeb7b648,7T4xyV4fen@test.com
dUNdcRKMJ6,b79f7f48d08d7c89105e66b0bd20e84c0d0b4dc6ec1d95720ea068eaa37b0036,dUNdcRKMJ6@test.com
ouTqYh3UQZ,a789b56801960ad3564bd39a4a5fc58060b801984f52b152ff0637ae4365999f,ouTqYh3UQZ@test.com
o6q3AGRM3o,b87d852427fb1eb14d318e0e4bd0a8b1c2e43d190d36e2e2604cf7d06f8133be,o6q3AGRM3o@test.com
BOYeTLVeRQ,65a6ae9c631392917510ca4ec53d109f3c99fd503412ad35326e7d5eac9ff344,BOYeTLVeRQ@test.com
RsNqk3Rc1S,8ab58f54504e9a932c9cda82afb4f683b58e3cbf507aab1b8f8ce4de0b16a947,RsNqk3Rc1S@test.com
SrxsGRVdgM,f9a1ea9b3ed27459c20c5f99564fd802aefff4cb071fb91e3ca3dd23b85b043d,SrxsGRVdgM@test.com
d8VEdWUdUa,60ec6b57c7d79b47956f22fbb985e08cf507092f13d3d4ca35cdc8a553a38daa,d8VEdWUdUa@test.com
4hjCd1GHKQ,e816f4bfe1e45f70b224d4dcb4fc26fce6c7d302392000d796abbcd55e809132,4hjCd1GHKQ@test.com
S4Z21d9ZIx,0710c1475524866c1da72585367882643d1b5d50efb9535602bab2b282c5d15a,S4Z21d9ZIx@test.com
qeSVMqioOn,1556eddef68867579cf8061ab679819c200bcd3aaa69c1f2a36d228f5ed19907,qeSVMqioOn@test.com
4rrvbyjmIE,fdbe3c7c2e33dd801b78a512b8d3cb80685c5b3331cbea99cdbccf2f9b8a1896,4rrvbyjmIE@test.com
br4lyxIhto,0889ff74d7407841d1b701054fcbeaf1feb300712c50ec34edbd70b6c10fea33,br4lyxIhto@test.com
gO0ztFL5vA,d20eccfad7c6b681f0539e0f8057da79e4d54c1ce61375a9b36abc6e44f57dbe,gO0ztFL5vA@test.com
m6bArE2FwF,ace91c8be7213936afba193178fe0b97cef848d3f705105888ad555d161bdba9,m6bArE2FwF@test.com
8p2bJejPzo,1c62ecf685b052c1d055d84f0732c8f811d1031c36b6242fcd69baed98feb1fe,8p2bJejPzo@test.com
wqH2smacLN,3563b313633e93c0fe15284b601f679b84b26b577d440273ac8c46cc68e47f1f,wqH2smacLN@test.com
Tm4aAYazxy,05d2abd89ec7a0cee5aa6244230aa119ada869ade1e11c2d039e5d62051a93ec,Tm4aAYazxy@test.com
mfFlYIiKkg,2708c3513176f4bcb8c61e8abe8923ad3a9c397a38a8eb1a1d264274387110a4,mfFlYIiKkg@test.com
aKiYTsdJ7n,157e3c6866b71e3c77216bb4b0b2d81314ef014d89e326ace7247824fc90abe8,aKiYTsdJ7n@test.com
yfpt3iufVD,81523209a1bd0603efe02a82d5f49e39ea4c04acedaaf222e6e2886e3571ea01,yfpt3iufVD@test.com
X4Bfk8OoZ8,6eb09c0785d49b4815db59aecf3642c562278c6ce54b01830f3807fa59ac6945,X4Bfk8OoZ8@test.com
g2dvnBgNqC,99b46524f3ce4ca5120e9d46ffa655b076ac38e8846af6180afc7342f0facbfb,g2dvnBgNqC@test.com
5WdDkz7Gc0,de4e633a14008490beb89c253bb655c69f94d3e06af1c3b10e597868c890d70b,5WdDkz7Gc0@test.com
56zuzfGp9e,68161a1774d5b5ea9ee3e555226e7f3b1efcf272599f2ff628108afba4adccd2,56zuzfGp9e@test.com
mWHlRaZDrE,b5f808e906d3a79783f066c760f7cb1a91dcd6f65ef3cc457c9e3ed55fb5f822,mWHlRaZDrE@test.com
15xJXX92J8,0d97433aad3d4e75c6c77fbaf781b536571edf895c6b02e59382760cee451615,15xJXX92J8@test.com
PguoramaPt,c77b4334f2aa068afd3e8624751aff4508ac68b1de893149f7eb190f2706da41,PguoramaPt@test.com
SM4CfYKgnf,5e4eab2e04aa0fa7c3f25ae8571d63671016bf032963dcbc4cfffef01e77a6e6,SM4CfYKgnf@test.com
Naniem0F3N,37a4edf59ca9b14d535188095d2e323b459344a874fd6a903709c1a40cb21c49,Naniem0F3N@test.com
jEMREXlxx6,331b3a664dcc13ee9a3e38cce002bf5cc1d8509ffac74817c1c632afddb6da65,jEMREXlxx6@test.com
UCcgLpbPg6,08b90f65caa345e3de895fe861b59cb0d2e000b9467938c4c406447c12e87648,UCcgLpbPg6@test.com
UonvFVLeBh,a5c32bd1b5e262a1aee182a9277aa4a3faf1ed0fef5a05c72cea76ee64f2ca83,UonvFVLeBh@test.com
TMeoFj9YkQ,25843ee90399d5428ca88625d3ece681c4690f24e73e0d5bee095be0aebe247e,TMeoFj9YkQ@test.com
AHdXm9taB7,993ceeef2861f490b4fd84d14a9975e2bd6867a86efcc7e86b7e689f7352b5a4,AHdXm9taB7@test.com
NZcz7ow4Tp,5608cec1c417f31412a71f5b844f407d3dab31729fd8e7860e5e5215a6dabfd3,NZcz7ow4Tp@test.com
onMicRQNrP,a4259ffaded0606ba9ebace022f6497180cc9f0c5357b3fbe31dadebe8cddedc,onMicRQNrP@test.com
fGwhFM4kgF,6b916e3d250b5a66fb94c0a487588e21289553fc7fed9ddaf860f57ad2579547,fGwhFM4kgF@test.com
vTqxzkKNpz,1d9586093dddf5475eea2fd4f558978610c278affcbe501c6f212cc9dde684bc,vTqxzkKNpz@test.com
deapsKHcd2,486ad9f1d93b97f6b1648934378f704ede4c0c76b3e7dac43415a962755642f4,deapsKHcd2@test.com
ii5u9oAaQh,343514e49e6532945c5794f09df2bef0e3b75cfd3226632c234b925deddb922e,ii5u9oAaQh@test.com
df8MvqnNQY,a042194dfdf3ace70db3e0e02304332da4a1eeff520a90a1d94b634867420aa5,df8MvqnNQY@test.com
PzGz8c5L11,8ac82effa6b4c7d303cb198629b5e96923f57ac470a2abda2b2f1c86020a5685,PzGz8c5L11@test.com
nVRV32QPgQ,ad474e556b06003a2c035925e6d494b82a18d2b339ed9fdd861ef7635e5a4d95,nVRV32QPgQ@test.com
WllYCD8BM2,ecf380b048f89938506b4b4a5ee1275fee3d4fcb3a81ae170419d148c4c9dd7b,WllYCD8BM2@test.com
XUIaO9OJ4B,eae3fa3e3c0bfc7dda0c901ffbddbb675cd56f10fab96fbfc9934acbd879e682,XUIaO9OJ4B@test.com
MvVJjBsGtz,eec9be14f7fa2f1ea27ed6b23ca65406f3059df0ed9e72bf12821a152285ce04,MvVJjBsGtz@test.com
l6YV7XNMYN,19540058546f776f4bb5eb280746e51cd6652e1c0621b8ba61eba557946f1588,l6YV7XNMYN@test.com
R6TaTiMmnS,c881768ea7a82c786d64bcad471935d55caa377816a18a508f40778c50639459,R6TaTiMmnS@test.com
NEj1HBBRUv,af13f2de4bbe0de066ab3e956ba3a6840832491226e66f121c8a419c1f441682,NEj1HBBRUv@test.com
MpJwrhLntQ,651732a3f6f6ec1b8e7cca6ed3a0d9b4fdc1ece61a831611264f5404e0d15a25,MpJwrhLntQ@test.com
WHrUZi9Znh,7ce34f08571f7e2c41a2ff7ae84435dddd3f03fd740052e6465d316b23b97ed0,WHrUZi9Znh@test.com
dVgtovZcNb,e9c9745e1a1aa1ddf6c5f676ff38c2de979aed482c35010d00d94090d7568724,dVgtovZcNb@test.com
doGAgM4qxS,7e3ce1c5a73371ca0b3ffe4debc77ef464f10bcc90ff92e5098be6464701a34a,doGAgM4qxS@test.com
scBHYH4Z1X,964eb2c9c7113949818a757d7b7795a2524b1519f2a4efa054d62cca47959d5c,scBHYH4Z1X@test.com
siq7bxo3Ad,50028b4f10e8543b35c428217542298a357d5f5d1b89f9227bec20fbfeb0a25b,siq7bxo3Ad@test.com
R9RlXTTqv9,d1bd2d4db5d5a29d4fbaecf6ae85c4781f083ed25593919368ae8fc7f3bbfca4,R9RlXTTqv9@test.com
6XoqpLfrxM,8b4260feea4a7f558e6fc35694b90ea6e3b8ed1627f8907b8d9d46c2ffab048f,6XoqpLfrxM@test.com
Y1GyiaU8Xw,97f7e82c7954c77ee06361b81d15dde2c5a5c26c3435dfcef8666266eead7dcd,Y1GyiaU8Xw@test.com
hcxEwTyIH9,e06f661f71074c8ee2ab29b275d3366a156aac78d734643a6b2a0e01b4d242d6,hcxEwTyIH9@test.com
y9FuEwYPUq,1d254814eb99a68fd25e658f1320657e016d8e7d2681965496fa8c8290be1b8b,y9FuEwYPUq@test.com
DCHRYyKwr0,cb1017c38cccb4c7ec8cf517c29f17ff1cda0a6467b1515dd11240354514697a,DCHRYyKwr0@test.com
fQaK10clKS,679ae21705c23514d6329de1a35971280c1b631bc5dd5d4611efbd6e298a18e5,fQaK10clKS@test.com
y7btFo4lPz,c0d0f2d2b5a11e471e1d0e1459ca295b9abe1d010b8afac8f7ca6ce74afb4456,y7btFo4lPz@test.com
b99gUcl8oK,3b3ada7e283ff80b9e085fffbb71dbb3b2d1f14b067b48790eee7d875a7847a7,b99gUcl8oK@test.com
P8evhKMSzK,b565b88796df902dce33e2dec71d8ffcd75c3ef4a512f1403e139d9ed16808b0,P8evhKMSzK@test.com
fJ2RgPUslg,fa477a7ef805de4d1adaa3fdc9ae35de0aa4fc972339e066ba30da68c55ecdb7,fJ2RgPUslg@test.com
3LD49NQw3L,e7b9f1d542e72f17ad1b24909460bf735366f9bfc8eef5923de56bf855e5fda7,3LD49NQw3L@test.com
n8PBVFlYFb,0782b5977ca213517b31516d00578771633d82fa630aea3a0b4c4e41fe87f9b7,n8PBVFlYFb@test.com
AmAn7eP5jP,4e7f3f79b3b31ec671972b1c758e22957ea2b7812f7f8d7e3aabdd3f9ca365fa,AmAn7eP5jP@test.com
u91929eVHZ,7e74102aefcd031efd0f8063184050e1715b61b7ae60aef49c7c2a5567bfd288,u91929eVHZ@test.com
XJe4ao4Ic3,ef9c9a112d7ff6aabe9203a6d876fe85cc6a1570f169d06a6c653efbccc04baf,XJe4ao4Ic3@test.com
5Sy0O7Yjoh,c834fd63a2a1913df4685cb684554b0acdc3c849c755136673103c5aee5e08ea,5Sy0O7Yjoh@test.com
zfGj24iLPE,8b518659fc3dc599678bb8c9ce3066013e388aad4c216725844fe9f2104ea9ed,zfGj24iLPE@test.com
c6y3qzu4sO,4a8781a1a200bc9bd168f055cb0d239c888ef4ab148977313e17190b4a374a43,c6y3qzu4sO@test.com
nq3m57ZerC,19f253ac993b582168f189e91871e90fce4f641d7ba18ffdc200da9e3fa63713,nq3m57ZerC@test.com
8lfwfF231p,fb33a8b93ac4b44a62ded35de355e53dd84a8aa1406e6f2824bfb743a482a95b,8lfwfF231p@test.com
u5OSrt6QJ6,0d685ea9aac064360038c90d94a888db30c8bf7d1c6d0504ddd91f3f770c5ef7,u5OSrt6QJ6@test.com
2MIpe3DtQO,3f26ae2b75424c6838104f457ffaf37e8b940fa2abd0272c0994297f5b2ed3e7,2MIpe3DtQO@test.com
fHZj33IWO3,91fb6bb0f0991aec17d03d3269a4303c9568ae4072e58179d8143f5a5e9fb3f2,fHZj33IWO3@test.com
ZqjxeMsQ7W,92af4a8aedc948bc50fe256d492915b1197ebe7c8043ef57d03871196f190427,ZqjxeMsQ7W@test.com
16AXQHeU4b,c5ee2b03103a2b86e354e6f7364a690eb711c84eeb9697a7628cd962184ffa63,16AXQHeU4b@test.com
bsHHQhDGZL,777fce19230f2af5b7ec620a0566e61fb8a886047aa083d86699c4f0ec53005d,bsHHQhDGZL@test.com
sO1egfSZnm,b3e2113d37df279d6d9be508c77f45695e3405ddaf04c8f8aa2a52f58c2f94d3,sO1egfSZnm@test.com
Lyj0ndFnvB,afcef318b71d2759b16f0cf3b4a40fb147477633d20d96ea18ff9be0debc4fbe,Lyj0ndFnvB@test.com
3MZKxFLrNl,d50b14d9f0ee50545270e31dc51125fba862987a18454ec31647dab084281431,3MZKxFLrNl@test.com
GD0T7UjIBy,480934cc420f0a6f5b0efc1e53705e883621c44f6167b5b26b3f57275dcc1fa1,GD0T7UjIBy@test.com
1lqgjxouEZ,072b0e968734f844fed1d0704d4a3ae4e2e0bae875437f53a3aa5abf51ad37cd,1lqgjxouEZ@test.com
3p2q0IiWGr,c508530b47936fc4221e5d7ef56f495e7c984790a030f499a85925e055dbe40c,3p2q0IiWGr@test.com
YIbwVCqj3f,df767079d707e33d8ddecf16d73288ea2e7cffd09fb28d04f63366dad1f546e9,YIbwVCqj3f@test.com
ZFhzGVGETZ,0df3f1f68f99a2fa21329ca32efbb3620a57e614417e96285568ea0bff5f827c,ZFhzGVGETZ@test.com
yzq5xhLlkH,f0e8a8981483748acbd20d4600ca75946e097ee973eb2def7f52e85cea88b006,yzq5xhLlkH@test.com
UnlNWqawjU,d14ac2354140ab2b1b112a950e0e80b16ef125850ddebf67be240b338341aaf1,UnlNWqawjU@test.com
lwd4nWblT5,b33210b2a7c78c3b52abaf1c769cc6f108c3ed73f66589d98412fe6597c647ce,lwd4nWblT5@test.com
zZ7vqyeONc,5bbedb3b87b97b48ec588bb64698860570e103a67b386a64f3b87929265296a1,zZ7vqyeONc@test.com
v2JtVRYkmv,ba6e670cc145d65a4580df75b86965a40b3c7490ad042489e1d2a24b28766894,v2JtVRYkmv@test.com
EtYfpdEpqU,2b39e8e8d6ffbdc5c33e62cbe9262e51b5105e008f877a6dd9d59a3660d7aa92,EtYfpdEpqU@test.com
845iooHjDn,4f035cec8204eb48202b046f9dff27b92489559aca84b98e314ed8bc142c67bf,845iooHjDn@test.com
6drWLjtA9u,5664bfbc4a5d093e7eea27022c90a6eca1dc9a6dd023a55323520b38b796ca75,6drWLjtA9u@test.com
VSSvSNOvYB,fc228602920e24f866de6b5dc6198d16c74d02844c5d43fac557c5a10ac7da3e,VSSvSNOvYB@test.com
z4ybIz9PTX,97c3ba7f4c474cdc0347ca1e336b3b0167da3e928c904d2aba8042c21b687840,z4ybIz9PTX@test.com
dLlKUHefFi,37e3df2d4a0443e464127503c0a6325b0035101399c2a85c90e1afa6f1cd30b9,dLlKUHefFi@test.com
ovxNLXUCg3,7d968270de8e0c5883a79155505e2133c75eacc86fcde1a9376d02bf06c62699,ovxNLXUCg3@test.com
C1vtCsUM7v,cf81f7357a9ff9da09c0a34c2cdeb98852a49ae15d85c43241fb9e00cae80c96,C1vtCsUM7v@test.com
xucw4X5i0m,10364a04c91ae9d26e3408dfe74e4ba01efc4bc452fa18fa8ada0e780190e748,xucw4X5i0m@test.com
eJNgacxcEd,9c9cbcd9087cf89274818d2f77591487e7c76cb7f428811f976b491a5af3a339,eJNgacxcEd@test.com
871vPK4ntp,881387ad8fe44dbcdac63a37dc923cdd8523bac115d54d89bbdacbbc68098c91,871vPK4ntp@test.com
61Tyj1YwrB,8ed53f588e2914a9da15bd3d598bf93556e9d922eae1ae4dd785ea1dfdb44b93,61Tyj1YwrB@test.com
kUYctUq2sL,e742deeea2b1041468d2933bdf245d0a11e5a2a8dca730387c83f9fe5290c850,kUYctUq2sL@test.com
qKHUpnZGLH,3e3c2fd8b222d97b189d58cd347929e232029e2d09d180dd1e6ec0eca92c8ab5,qKHUpnZGLH@test.com
nIVCr2dxUF,88030b1191ef835acc1fef768e9a5dffeffb8b75e2dab7adfc06b755a740a2a8,nIVCr2dxUF@test.com
JCZnBmnWsJ,2ad00ae48eaa9db59c2cba96d10fbd3e8765fa1cf01d418940448ddd98317116,JCZnBmnWsJ@test.com
cZUZGcaL9w,a4f4ad1478f240a76862c0ee4a1fd3676b637a31815c5033824d1526946f74ce,cZUZGcaL9w@test.com
U7wy30GjUu,cc2f5a23d08b6312c73b9f64b922fcab141ea5428aa621901b12de06eb6244f8,U7wy30GjUu@test.com
B0Y7HxREul,f754239b61c0541ce57163f6f3e215176e3c6cd920c2e293a1ce6362a0ab89d9,B0Y7HxREul@test.com
BnuKNPla70,1a683b5047ad8d8b6842a21fe21630f97ee21e2d4caca8eb1cbabb41134bd68a,BnuKNPla70@test.com
GzqAV2ViMR,0baf509748aa5cf4f9166703e0a9ec97ab3c145ef6d9b50984052384fe78390c,GzqAV2ViMR@test.com
lUP99WyoCH,7d2f8fe024830b4fcce7c6fcc39e8f962ff839932b151c0a8ae29712b045a6c5,lUP99WyoCH@test.com
PVGednXvDS,c4b48f0d897b9b5c7a4db7dea5ba107790687cc22d8f13399d34f101c4578363,PVGednXvDS@test.com
70R3cFK4Jc,7e0ae9ae510338a9e7b4bc0a329d49e6ddfca3985d46d7b312f9e9863655389d,70R3cFK4Jc@test.com
7do1doAjAX,6d8a973f93922f08392df36b7307f7aeb3fb00a36aef5171c1e353a2b06c42c4,7do1doAjAX@test.com
xRpXqnxgyu,0568c20e6b9ec80032842a14f4c560288c093f75f1e6c8989df3575df7e8efa9,xRpXqnxgyu@test.com
z5S3XuxQXr,531b7d649d5711e2c0e9015748e37c33857a34fcb568eab77f4524f6c97e781f,z5S3XuxQXr@test.com
2zrBQY7pxf,958b74df2a3d67a2edca6a3ffbcc17249adc3da47c634b7127184e492437d1b1,2zrBQY7pxf@test.com
uFL6qsjNq6,26e30a184334917d8224acc6b304947eef5432129f1f071a61b53c3f9191d415,uFL6qsjNq6@test.com
F4mCG4jGbU,ddd68a52e9ecffc518be5ba57cf6f70cf596418435c2ee7828589604c10f6628,F4mCG4jGbU@test.com
DKYOe3UrjR,7da50cd7153075b73a2436a9b3e5734c26877af9acae77362b3251057a67eec7,DKYOe3UrjR@test.com
HfYDe0sA5a,346dbd859cbab8b035f3fcf539a3b05fc048932c6c79944b5cbaf51929715c62,HfYDe0sA5a@test.com
hcYpxU5TOj,c2fe3742f16e88542b48be0a69a77da6b6e25076133e8bece4109b88b52a8ca6,hcYpxU5TOj@test.com
vWFply6poh,07cf3fff483d7905eb7e678f4cbeb550346d5a454039b9c749e059417b9b95bb,vWFply6poh@test.com
07g7WSsZSI,f2cd3467cfd77f856b577e34cc48ab20cda14b6033cb37b448b253ad502277d0,07g7WSsZSI@test.com
3Wb6nvjSzs,e777043cf08ac0cb5aa475ebefa9f7ebad4896b3618fb792e3bf56a17ca44386,3Wb6nvjSzs@test.com
kqoaIF9v1t,2631e66fdadd1d7a76dbec0898e191ff1f00ff747073b6872789c55907ab6c68,kqoaIF9v1t@test.com
mrYbvmfS9t,fb9892f35b5fc4318a2a6356db29493f939a2ad3903247249e7bf8fcd32600f6,mrYbvmfS9t@test.com
WfHzMq0jzn,c3a0cecd533de420ef856da24a5791b628268068d00ad538f8ae3447d6bc358f,WfHzMq0jzn@test.com
scPzF5Svk5,a0a46dd76f26607a27d80169c1b4a525fe835ce849cf27a46205b257e0939c08,scPzF5Svk5@test.com
ojKQQRkPAk,9f4265bc05a69221f3b5c73dee368bc2242a6cfce199f5d54bed4da4c61114e9,ojKQQRkPAk@test.com
erZX7WPYn1,5547120b9060f099c46b2b47811a56ed42bec2a40e69bd889464b87de5bc8b88,erZX7WPYn1@test.com
EJwbiLKrkJ,fa5652749b57a0e8c3591d61a4a7d45040287299d2f4314ffef8062df6436e33,EJwbiLKrkJ@test.com
ATKNvSDyJN,7992c2ec15c71974e12229ce48d7701e33d4fdb97d2b971397f19a3d4ec22c82,ATKNvSDyJN@test.com
0E6Yi2x4lw,bc3b2f7a637a418d3fd6909d4077e37d45341b7b5163cd809ed3b3c2b82dfba5,0E6Yi2x4lw@test.com
QMTBlzG78V,a6699c209fc495a7c617a387395a39775a8a7d6171d375728d553eece90f1bb5,QMTBlzG78V@test.com
5pSwLe4S1Q,cb8937c75d66cd1c9578a777e989b141ed718d9fcd195214fc68b4fca354b46e,5pSwLe4S1Q@test.com
yqAof1OWUx,cd3bde6e71297c6451df589564d19ae9179881ffd2ed9d399cf6811c92d1e96d,yqAof1OWUx@test.com
2hV9ESLwwa,db3fbde51c386b7ea283d33aeb46027ab7868b68da75cc801df72b5cdd87e9fb,2hV9ESLwwa@test.com
NnyOdei9EW,05295fd07b3a8d55e6e851e119f1e314c288c58d8bc27e3bf9caa3ca99413709,NnyOdei9EW@test.com
m5HhDIAH8C,6663ef7fa773cf4e2d91eab472e98414899f5f3315e37fbd390580ee36d00663,m5HhDIAH8C@test.com
TncoXgGG88,5a06d6db5df9eb6538678d657d146c414148ea3fbe8ed10a0d23c4386954bf7b,TncoXgGG88@test.com
i29KxmsljM,6804d5d00e550b36b77d383c021c8ed4e776a400b38e4d81f22bf45ee800b019,i29KxmsljM@test.com
UveCkiMEDK,ed9242c2f1ba4dffbaddcb13aa58d8d3e00f3b1597d95fd895a035b068c8f47b,UveCkiMEDK@test.com
3UdUG053hB,2a60a18f1ef7234ccd8d43aa940ab8a6c7aa5b2763f900d14d4a7f4f18ea9d89,3UdUG053hB@test.com
HuebGYgsxs,594e93ace19d60bdbae42edcf8d4cd64d6f3bd7d6c93bbbab1a209c2da4b8612,HuebGYgsxs@test.com
hUwWLusfcn,e54638d9a0c4ebc199c480ba4e01036e9a4071d4110ea7081044342fb8da425b,hUwWLusfcn@test.com
zB0th9MHvz,5aa0989cbfb068870af7ea480374e76e45172051317e9d0fc61792750a42dc28,zB0th9MHvz@test.com
35tuPcjs7c,9426ff8b039aa3a9b640deb7bf3db60e6c990d79c4a8289daadcd2c63598b0bf,35tuPcjs7c@test.com
pAlWFqed5l,23ff432849d168e3dc787584cc994fcfdd9a827b75e4f33aa47f8238ad87fc4e,pAlWFqed5l@test.com
40N6qnvZ30,6467d547478b4f3bce52fc6d8c3cf2a5334483f3f2399f0a9169d8d6f22a69ce,40N6qnvZ30@test.com
XBBRSTCtmm,65791e47007a0ea0bfc9b6be8ec06aabbb733cca6dd6d22ca7c1351691dfbd1d,XBBRSTCtmm@test.com
2Hm4ensjwB,9b580f927c05633765bff93c81825218d85ea3a550701491ab38d517811ec49d,2Hm4ensjwB@test.com
ThjR7jMIjX,e828b51cd01413a7a368e3307aa3e7b7d600f0548afcbc9d2cbfdabbeb170d0f,ThjR7jMIjX@test.com
VtmNwGhrC3,92a05a36b4241c7adc4ece563d16cf3fa20453bb34df693701fdaa55ff308e38,VtmNwGhrC3@test.com
z1QrVbAufF,9b12971bbc6ea151dd700870aa81c4d2dff7a3ba1e43f63827c7c3a0c6153aaf,z1QrVbAufF@test.com
G1BNQs7D89,ede7418e41d4d09993c31a9e890ccf2c1720519ddc4a2a4630dba1af1b02dbfb,G1BNQs7D89@test.com
576D5QsTNm,4b49b832d9a757b042ecc3c455efd9411a934f000c34260378dec96b890bcefe,576D5QsTNm@test.com
jJvq7XtOr6,2886585c128872e555668ed93964994b427a120f7898312eef6664d20e49b7b5,jJvq7XtOr6@test.com
GYlljqMsY8,099bda519918711cf1c261563a1071cdba3d881a0b68faf8737d886e2ca9f558,GYlljqMsY8@test.com
a39zz4qubT,df2f580e70a3a98ba81461b96eeecf6a918fceb25af4b74cba6de2f3b796d3c0,a39zz4qubT@test.com
jFBfXnDY6u,5530c0abbc3fb7d24230e8c4edcd80c5abc8df853153e02235b93883ce599f25,jFBfXnDY6u@test.com
qFHOb9yk0l,cd7934afd071f906acf15b2edcd10bc49441856264628aca808b000f61c4afa7,qFHOb9yk0l@test.com
vTrVESOWcr,05285bf3c95d377cd01e27276b951ee5c6306bc58b97464b017e21c11e01f10d,vTrVESOWcr@test.com
IAMbEyOuUz,009678e088dedde08aee8730e675770bc59bc09f780896faad0fd65ac03e79ec,IAMbEyOuUz@test.com
RUgGgiH8IA,a193ec899bfd8bc05b259204041bab1281c4c42ff4126db9bec62d5c93ade80a,RUgGgiH8IA@test.com
nIO8VSoovG,ba4b1dd9ab02194a128e7b7f40c90444713d40468667a6e09adf626d4428bcc3,nIO8VSoovG@test.com
Ys6HFTLPnX,b5cd1db07c2b604b3ffda4308f8e8bde13587bbc314c64369f52816e6345202a,Ys6HFTLPnX@test.com
Bd73czKxKQ,b97d29d745116a066208ac86d67fcb9e764e3daa5ae188accf0622fdeb5e4386,Bd73czKxKQ@test.com
9zAfgV0uEg,cd9d6ec2f04cf00fb26d9a59f55ed1737efd6dfb55061476f7e0b1f64387a19b,9zAfgV0uEg@test.com
K7pjyGxQ8U,d4f43d7e4451a2a106eec8f4f986801f9ae680f76e4e32f49b07095c6f79a7db,K7pjyGxQ8U@test.com
wDR2qDl1oM,2d4c1ccf5848b60d79f9a66e774111dd6bd8927903efeabb28694384f5e11b17,wDR2qDl1oM@test.com
yDtim79wf1,8d4abff6c6c32adf82d4a120d2d3b343f717dd9290de369f35978fad77d2dd28,yDtim79wf1@test.com
TSq8FrTmJw,21455bd2055a910ba99952cc1079769951b2ab499afc47fe1a5d9329ec423372,TSq8FrTmJw@test.com
e5RWbbUfqs,6793b1a0535338719a0b25e9dee8ac98819954131139365e004e6dafd1b56417,e5RWbbUfqs@test.com
f80VbfrxuC,764cd26894691ce277e7e59e8bcad5602624f06861b05664f55eb11f52c2ce19,f80VbfrxuC@test.com
pYuXfaDU37,213443c9e01e284e8865ec9fd4a6204f3de4da986ba0fab302ca8f98ac12de46,pYuXfaDU37@test.com
8sVvaYccJ4,c19f0c286c062d73e4a0b6b9ca9b1e561215fe93129b3fafd93a745e04c59d15,8sVvaYccJ4@test.com
G83pemu74Z,9aebb38c69c842304a9f6edbd2d51ff56c7847b293663603cef46aa99ade751c,G83pemu74Z@test.com
NDxbO1RmjO,79504456c4f659ef0c05bc15db36d9c7398005ac039552ce128f433e081026ff,NDxbO1RmjO@test.com
u5hUHe9Vly,af727edde76080814b2587aad05273de5193310569b9171c7838bae2651bcae2,u5hUHe9Vly@test.com
D70zckHCHL,c4b7a277838e7b00c10efce7b6119fe0a37218843584acb0aedb94aa67cbf017,D70zckHCHL@test.com
VOEPbuDk4m,8d5aa7dc00dce8a42bd8b76b1fd1a0a1e11ce95d0290ed1115e0cef6dc93e939,VOEPbuDk4m@test.com
TvQuR2vf7L,ef7e5841afd661e46f2a1086b712bc8b376e82ce6cec308dc18b04d82078c1c7,TvQuR2vf7L@test.com
gYeTX6t3j2,dac3600ddb8f1beaf6ac5b6d19a41f64f6a26f51c65e2dfa04eaa92da76f65aa,gYeTX6t3j2@test.com
IGueqPlJan,aa9324904f2ae46928138af255368d690ea5d94da02601f1a9f0ae2b6095b001,IGueqPlJan@test.com
Ij0tZzUdPv,063dde341136f9a5d47ba151687e74f45a5bdf3e776bd700ffe455e72d04a3ca,Ij0tZzUdPv@test.com
uYXswFvdqz,b1d8b2878c55d6949b4c95b8d35fe8d075534ee86d28f9e5cc5ea015406bcdd0,uYXswFvdqz@test.com
3yE9PYGjBU,2931127960e8a5490cd05a078f2bbf8de3311f0ebe0534ba691e90404ec0c2fd,3yE9PYGjBU@test.com
cU3WfFCsRa,b2a2013fea117e46daab3b9095a8bd1b8fc1ec29c6fe549656524dc7df111d42,cU3WfFCsRa@test.com
3rLpRj2STV,6e191705deff9fdea2914ad33e8546c9bd4827024d89c0bc7caa60f9c4e00695,3rLpRj2STV@test.com
SvQzf2A2AT,50807b4dc221edc370ba19d83a5d4cf4c27013c35bea317e292dda5f3f15aab7,SvQzf2A2AT@test.com
vhzcr5oSHg,0ee954901de0586fbcda5de3b3bd06673961ebd601ae4df1749c95e3a831b159,vhzcr5oSHg@test.com
RU5NkKJ3iw,122dc8e9cf3c8aa74a43f969b65a638b981252b5b998bc03a7fce17c502a4120,RU5NkKJ3iw@test.com
gN3wa24MZl,da836595f4652f964cbabee20a95e3c54f2df22d9c8df8da8c684bd2a936d2ab,gN3wa24MZl@test.com
WNEJrs6v0i,3ddd388a95a757dfaf52aee18f22dece72388110dc377af505755d0a72595241,WNEJrs6v0i@test.com
zLL94AUf7y,67bcc0e71f41271b9097ad025f6515cea96737f8f66605d94390ee774357ab72,zLL94AUf7y@test.com
gcdCFpzHe9,d691e329b7057ede753b9d82e820d7550c7055a8e68d8f760b3715b057caf12e,gcdCFpzHe9@test.com
PNuVa8Oery,e913c9fa2f7c655a9e40626c10d98d8d842ed135b755ca1c420402a7d37d3e05,PNuVa8Oery@test.com
Giv0vxSBIt,f651800f8869c4d73ea582eac848132b9d6a6f6a01d0d2a2e42cd185d13f313e,Giv0vxSBIt@test.com
cWplICMsNs,f4eb76d0b345261f408246c3d4dcb81852d13b2d814868b276db337dfb3885e3,cWplICMsNs@test.com
EdIpvbRM39,103bac48a764ce9b2737e22d8002dd64595b92daead1c2efb8c549d82b81ca63,EdIpvbRM39@test.com
Pyu8Ps1rf4,4408d414074fbdb0307a441e7d9181163bae8ada59ca3ca0858327003aaa2b32,Pyu8Ps1rf4@test.com
NZx4YLMqMN,542aa914cf3fbac6550031c19f437ce698ed7d086bfb472bbed87be5a5cb373c,NZx4YLMqMN@test.com
uWU319uIXT,2172c089ec4e3731e1026b4f470f65fd056241f17b77aaf0ed5db3728642a8d4,uWU319uIXT@test.com
NIF1Yiu6qd,9efb6850ef8d2e4379ea769f6bc43136a5d125c17c7dd493de23ed25d50b4f83,NIF1Yiu6qd@test.com
3kRmqyo1BC,75da4afe5f0814a80074c7a8ef204d9412a09fa1a1c1861dbce7ff72d3b5a2c9,3kRmqyo1BC@test.com
hex4F1QkmO,e0f35b572ccdfa02a1cd25cf4066ed4487b7ffb0418ecc8648c4c7440b32986a,hex4F1QkmO@test.com
nbsPEsxQ6H,7027f18695b5c279e8a758fe584cfc49e35ebf4ceded7a9da96238769da25af1,nbsPEsxQ6H@test.com
bAWnvLRuuf,48882bd45116abe8996bfae88d0776292116d70751e7a205f314a5ad6443bf05,bAWnvLRuuf@test.com
VE4TDDhP4m,561a675d082c5c663ede61c671771965a86fd0d346084301a7497a69590868e2,VE4TDDhP4m@test.com
lVHQ9d0oyd,d499dddefdb0268bdfb9fd8cd4639a7e2d720b9bae92cbb3b4ccb1daeeece93f,lVHQ9d0oyd@test.com
wuebE1A4z4,3a15a5e079d8e71b7cbfe918c29a3d6f2149de1a922dfca4cbf63d2ee6e249e7,wuebE1A4z4@test.com
dGbPhAO9Gd,527d25050d83fc6b1b0aadf29fe0c85a2eb645895819ed104a2517ae16adee66,dGbPhAO9Gd@test.com
Tslni33ZMp,233e17f04ca3ea2494966a9643db26e51c0142de56df511a9891b9022bbfdd0c,Tslni33ZMp@test.com
87bjsESihU,f706479907c880074e9bad177c2a7354dce1bb502247f81bdc1fd779cd24b42b,87bjsESihU@test.com
LBRwyidfmH,0d1cb3e2ea65b087ab033e7d2c656c67c0185f27b627df0c74dfb5f80a7af1fc,LBRwyidfmH@test.com
7hhQyzZWqp,7d32247d9d65f4e3e013077f5e5802bb1412ac5bcfe969219cb289daf7324bfe,7hhQyzZWqp@test.com
SEZLvOfvx2,124ff8383e600ad7fefbe3d727171ba5b68ddc07ebcd844be966725c31a90c72,SEZLvOfvx2@test.com
JeEXRDd2r7,529c34b066ceb12397f02e085d9873ee174dace9eab5a1e316b4a54635e8f239,JeEXRDd2r7@test.com
aSYTJQnAbL,d4153eda48f5b8074ae1bc05014093b0c011e4ea5f7d1df2e4ebd505bc40b9b6,aSYTJQnAbL@test.com
mtBmP96Rx8,4321a041989ef804ab0519dba6705979234bfea67a85a26a9b799faff2e3f859,mtBmP96Rx8@test.com
dPXSwUD8zP,8de983cce518746d324f0a5e73ea075640ffe632174b827b28663e78885fbc14,dPXSwUD8zP@test.com
Vknlio5bnV,0cf0add9dbce691e9eabb572d8753b9a4b37c57c91d0734c8101f742eaae709d,Vknlio5bnV@test.com
yqgDMkz2TV,9c87ff396eccf16519f2ddfee56155b2c17bbb5366918e724207ac792967eee1,yqgDMkz2TV@test.com
juzjmvJ04r,53a19257c94f416a9d7e2534f1dceb6e2f02efe6c1386d0926fe7c4a33946c58,juzjmvJ04r@test.com
aL1Uu7JNej,ad4f86e0285df3383565b3a9f33ba987901332909cf85db3242d8697ad6a28c5,aL1Uu7JNej@test.com
WlnKTR5xAD,bfd0f0f09962a44e133172188cb45ed5494f127c164c9d15acaf3d0b117efed5,WlnKTR5xAD@test.com
5mbf4BinkU,b07b16f078c1fd85b369f2c1ee088aca5c28e769141cbc2da8884c07925b2ff6,5mbf4BinkU@test.com
yflzHRfsdh,4392e83bbd11072b72895c4bf644e32755fe14e54e7f95e6b21b0d6460ef9af8,yflzHRfsdh@test.com
YwzkciljDu,48099950231d402e764afbf0857ab068cf56339d4d0bce90c4f0eb32c04a2a46,YwzkciljDu@test.com
pPC0YOsc0g,69f251f0e0b71643b436d40b990fce6a321af9cb49acc0e29389e52ca7a3f183,pPC0YOsc0g@test.com
sZGVHK95m8,0219699eb3263b6bf38060bc4b39d4947f2acd3a08e1667eb23776bf9ab58220,sZGVHK95m8@test.com
mwwlHVXlO1,eb54914e05902da8f58c49665147c5733c2bd3df4f8cbe91e3632f486da9ac63,mwwlHVXlO1@test.com
wwTQMscdCi,16854d1cb52c0deeead156d700f2b3294105d3503c8d3f0cab2bf9a10a1f9c78,wwTQMscdCi@test.com
NCjspGE0bg,db8ebe343bbe6103ccb935035d93b518143dc4c0214a57ba7405318d32f2a4f2,NCjspGE0bg@test.com
skf8uzpO0B,7f920bdc4943b69684ca6a8ff8800f7ee62b7f509e6888c629dda1b72709e79a,skf8uzpO0B@test.com
D09gokBaRc,12738c0a94a57bb20f6333d255930c530d6992602e30ac2a93f5a956dbcdd664,D09gokBaRc@test.com
d6MRjmAQIy,0cbe769c020c7b98533c3610ba320edc9c36b236709fa7753545e2185bb642d8,d6MRjmAQIy@test.com
V69Onx4WGH,223b97227a93588fcb26912d6033b66bdcb3908d6e72effab2e98a51f9db90a1,V69Onx4WGH@test.com
37Y3x1u0PH,eb258bb5adc8140f586a97c001407c5e525c08cd02779e638d91b4023573a0ef,37Y3x1u0PH@test.com
TQo6xdDvBh,db824b8cfe5c14ead047ceaea0545d062715819cec34da2aa9de3bdec18dd322,TQo6xdDvBh@test.com
dGncCWpBxT,519dd41aee32436ded33f6e6cacb6cc6d65dc5d7c6c0d02c464ad2585b58fa3a,dGncCWpBxT@test.com
xRtaTsVwZz,65425fddfbde692a04d77f85cb1f6ad8762213a0ab921c26eee3498a04a152ec,xRtaTsVwZz@test.com
Obu2JawcR2,b210b5f5599d3d553820ee7bcf3003d2380afe6dd8d49a39b4a2b4505dd7d6cd,Obu2JawcR2@test.com
xCDxDwvxvI,977fb21f85f8e72c0b03fbb4bf9e8136859fd5e705837a131996abedd980cba6,xCDxDwvxvI@test.com
pvko8IRS8t,9cea41f502fab2daff931969ac132b3ddc456f32ed742ce3c9819da8db4f98e4,pvko8IRS8t@test.com
vTDjfQ7NlC,3129e0b025214ada4e3597ef6b9fd32a6b70e2daedf2870c5317cdb251e952cb,vTDjfQ7NlC@test.com
PA6qO0z3Zs,0490d7f86f07c8ab9f9b7ba81754e0917be48c857608771c400c87daa210867f,PA6qO0z3Zs@test.com
YA1Txu5NOc,9e7abad88b890d6dcda2f5fab4d9f9b7adca1765de51e6ee10fc658795f09723,YA1Txu5NOc@test.com
kqFfLfb6zp,a25624c98e8677ca6f896bab5ef373021fb671a1b80e2b4f1b9ea38da4f773e4,kqFfLfb6zp@test.com
3ct0qhbCLf,c543b7584aa3141d15f95a9b794914ba4824c1fbd76eb3f98fd134f55e422bf6,3ct0qhbCLf@test.com
rj4xYqtCjW,dafd7a9316e6eb21a28cdf29871b03c32f2c47ee4d6182124f9c6631b0003d26,rj4xYqtCjW@test.com
ZYagJ36FKN,dc3c035b5d901967706bc249103f711b93cad8cd0e0b485a6425adbcb1ea3911,ZYagJ36FKN@test.com
zkcMuw3zQ3,014ec0e8aa2fec1c07c101ef09206d19afeca08317552326bde6efe07b07d4b7,zkcMuw3zQ3@test.com
WmGt1e2KCB,40953a323909e4e26f0043dd533f31fb10a25530692d523e05e1432589a2e395,WmGt1e2KCB@test.com
0qiLv1e36R,ab23952c01f5b55b969ac1ea42ac6ddeb624d0a2b03bc473779bed472c7e37fe,0qiLv1e36R@test.com
FFvynlZzN0,134cb7f9d77dede8ccdc9aa664bbecac438fdd00104deb547c2b766b04099363,FFvynlZzN0@test.com
2ocpuSWEQ4,17b0bce7ff0f4bf5fc837bb1613fe739e098514c2206628e1f57635fa8ad7f4a,2ocpuSWEQ4@test.com
zZsm35amLH,901958328095c8de97d3a4d09b6de7213894617541e73475ce7611147019f971,zZsm35amLH@test.com
C012lAvpiO,ff7c91677e698d684bb48a1df23bea5cf361a4296e187a1f08306c1cae6cec84,C012lAvpiO@test.com
Smbd15smjL,2dc527d1c325a949b56b4ea3a97824709bd1fe8887165f5f481f161a9fd323c9,Smbd15smjL@test.com
rZXNHq3g8h,997e0d181834ba218472c7af1c0703644357a4bbc87891665190c2a0d8ee50d2,rZXNHq3g8h@test.com
xOnW3o8XPt,ae2632278d18012f575d4c5cb85ec7b07f3928283f5e88d80faa8c6551cadc62,xOnW3o8XPt@test.com
Eqd2r1u09V,6eb290fcb46f8984c0e0f3d30fe11ca8194ecb59ddb7dc6fc91f50ce77c5f808,Eqd2r1u09V@test.com
8PPvYhxzMK,5e87ce4cfc0eb55d79b51b713f56f28dcbeab2c4e4c8551aeddbbafba30c1a27,8PPvYhxzMK@test.com
xFvTXcpciC,d74d728767edb2194e7485e8f02c9f3453d03c4b9ec0cba12cea33c290c9913e,xFvTXcpciC@test.com
8B14hli9FP,8a79a4d73985300d4455d14445dd380edfcfc3329e87aba46f7d31aaf92461da,8B14hli9FP@test.com
KWp3w8GOHG,25234a4ff15d7c5b1fd23aaf84fd5fecc0b7443788f65f3b005db0bac9333904,KWp3w8GOHG@test.com
8K8N3vfupf,78a7e234038ad30d96503bbcb113316cebf79aab96ab6f15c844e770e0bf4c8a,8K8N3vfupf@test.com
buR4hMj5mg,c18be2017e9e24e37bb450e5270bc0a81c05caf9a4a315830c9f4f442c628c43,buR4hMj5mg@test.com
4YwGvET3Tf,1cf795a1f34da5cec90ecd439771856339e395490ccc07ac06e5497e6764f5b7,4YwGvET3Tf@test.com
pJtO5qmIic,11d54e93410682a999c111a2e09fce32dfb418f2302d71b338299c9ae4c2a27d,pJtO5qmIic@test.com
z1XgULJ5F5,9f88dcba27104e57af63270cc4a7c9af85d34c3fab99b602c5e8fd7c93661d9d,z1XgULJ5F5@test.com
vIxjJ1nAfM,24728819202b206ad93b50fd514ea3ec2302140befd6c698afb644cf36cf5b37,vIxjJ1nAfM@test.com
kms2KrGckC,d47fdd9aed5d422424e4715599ad1dbf138bb23d53656c7395b80467e4b9eeb3,kms2KrGckC@test.com
KtS9znmny2,547c3c26277599f87bad55b0f794a9b6b024cd4783dab53468181f9cf1f56cfb,KtS9znmny2@test.com
wmgoIw3Lwu,92a9bd60c972f5b83433aeed26ad87da137cb5fbeea51cc6fa9236cbf2d98537,wmgoIw3Lwu@test.com
7acXHUXsD5,e91f0d034f71ef0fcbf49cdc28e209f8d28e96c05bc647d202215527095221f8,7acXHUXsD5@test.com
MHjiRBA64L,139920e3f22a430ba3f36fa9edff0c9dd1492097ec71573a04b9aab269e98a13,MHjiRBA64L@test.com
B6A9Z1ZysR,034ee606239ff8fbaf275cf23317339dc17c6707139a060268f307f0541449a1,B6A9Z1ZysR@test.com
QYbHxswEKU,55c629363c7dde11ad67a8b6ac54aa64c091904305dcba7dd3c5a79a8a493077,QYbHxswEKU@test.com
Cw8LBR8NhV,0f2bf3f25cb0477b830a72fe0ff2f7908584569c5cc53e7b11dcd879ac41ca57,Cw8LBR8NhV@test.com
esvDIuNN2D,ca5f5d90293567b8b8b8d2da02f4b90190f13b27a360541938f92cc05211a7af,esvDIuNN2D@test.com
kEwMSqqOXb,fe1715d716d67ebb643fddadb46e20793d918fc767e33d896c7e819588d2168c,kEwMSqqOXb@test.com
DcR7eAF4Uo,80ef71ddd0f29420bf223f977f994396ebe29198c7468e31e987ef871087e2a2,DcR7eAF4Uo@test.com
FXGsplqf37,20c8b23e9cf742c1b6826034e2c90dbcb238d7cb315bf300b04ad0dd59188609,FXGsplqf37@test.com
leGHJrF40b,d4fe4c80357071f9653838f0cabedd04aa6cdd9a7c5bc4db83c6c7ba80d4869e,leGHJrF40b@test.com
nZmnanDrT1,0351b349b1b6a1b1430c1b7a3a10c9114b65a85b7c8978aaa273d5baf187ffd4,nZmnanDrT1@test.com
Fo9rzQzIAm,259b85b48e7a2cf0b444a4554e315c7b1212c1531aa72c5659c26eeb5bc0732d,Fo9rzQzIAm@test.com
eacLDrjuio,d1aee7b3bf9172c52228acc91c3d64bc70f7df85b01362a8975981f6c9e67c92,eacLDrjuio@test.com
McQI4GV1UL,ad54301fdcd3b4df4fd47594612de4596e1b37aef05c3d407de8b49556794916,McQI4GV1UL@test.com
Bwoy71x56L,5b3f71eb7b17e287d070893d2b1c1f45dca6b851f33e6078fa0963b88f398260,Bwoy71x56L@test.com
bZdN7Z3stU,772918906934ecffb19e8661d13dd3f7cecc9300481da7663c0b80829de55792,bZdN7Z3stU@test.com
z3mZKDi7rN,73ac7c644e0fc30df9de9e062a7ae5da1701bf0af28e7680e12b00e241d1ace1,z3mZKDi7rN@test.com
lksJzexNzy,da5d7b089fdea32eed6645355d76a1c143d4debd5d6a7470338f800d9b3c292b,lksJzexNzy@test.com
8GDayOPGMr,3f4efca10d335af70542160b3498d96b674f757a6f5bee2dc24961cc529392ed,8GDayOPGMr@test.com
MqYip53spB,b6ccbb1a8218c7c1821d7f92c7ce8d0e649d26d19426efb90045005f4e2458e8,MqYip53spB@test.com
7P91II40QG,a060d6a1ac96b64a293d29c0f5a3072f309dc8f52a9264d426059f37179901cc,7P91II40QG@test.com
k1xewBrLpz,89e43a4827934bfe1324eaf64d56a51893ce37ebd23674e1dd13063360f3e281,k1xewBrLpz@test.com
D0rKfOrMqo,b160f48fb856f0637ee37e18b3471901f8386276c08b316e307165670e19ec1d,D0rKfOrMqo@test.com
CnAdr6gBYG,0132f20191973ce9e1220489b0a5b359665675d38d7ff4d5cd821d5bd92b1c1a,CnAdr6gBYG@test.com
5y4rZZSZiC,8d78dc9d381a90aa0803896732cd90ba9c0935533372f032cf833647cba6a813,5y4rZZSZiC@test.com
rGT7myyqWj,34bf08d9103585ea4bf8664826795f22ada1c7439fd56b21ab854ff8def433be,rGT7myyqWj@test.com
hCEarWSR02,c92bb0149a96c04b640b32ea73a1289c4cfd4651ba7aac613d0957604b611c57,hCEarWSR02@test.com
e9tBGkSrtL,89bb43440e92b552315775cf644d050cf3166c225b08c1c4f2449eab3232eeb0,e9tBGkSrtL@test.com
Ze4Kzs0WpL,05f0a1a3de1524624953735e4df7f91f811140007dbe26ce1dbf7939a4528ad6,Ze4Kzs0WpL@test.com
sAaBSt7yzp,8567c3b6a53ccdfb3fa10671968eba6f2c6bcfaf1231f9c16f98e6a718613764,sAaBSt7yzp@test.com
G5xEmdVQUZ,15f64f6e5be713d02014f775edbbe0efd4e1562df3ea6140cba828405b4c8f8b,G5xEmdVQUZ@test.com
bnbAz6GWUp,871515841c8374629f6b1b4b5a8ce4af035737ced64a89cef779a20a2500fcbb,bnbAz6GWUp@test.com
Jc1kDcC5L8,69bfbbb6bf62b733ce5e2963f4645a52ff9acae179699e9a5e7c5beb7e8d1584,Jc1kDcC5L8@test.com
JNTYjLtkuG,f04bab01f893f4440adeb16f7ed9cd9347b45efaba0779e83ef44c4d4615cfe9,JNTYjLtkuG@test.com
pq1nLlfzNa,923ce141a958b5b4cca1bd32167321ba6b939af7e14ae91cc0102ee69529c23a,pq1nLlfzNa@test.com
cZsuidFSDo,9c20794de97e2b15af96aeaa154893a4ee173479181d51312d316b4694ae8025,cZsuidFSDo@test.com
K9cYOG1QyN,3f36c165d9d450969adac9cc23b7e5ec8c8f196ba14b387868217a35d412dc87,K9cYOG1QyN@test.com
D2Y7vG9P83,9fa9c4afa6fe01a75f9d7c7e6e9512512d3935d7ab18cf044187406379192b0e,D2Y7vG9P83@test.com
hav6N0rx1W,6318b2215e7c09711b3843edce85bf886586d43a82e89505cbb4cf4dd1be1ded,hav6N0rx1W@test.com
1FXo1WSfjB,8f9254ea58fdf3a89d82a982f8d4229142543ac0d8c6355e01079efc4acc1a89,1FXo1WSfjB@test.com
tZqsf4qm7U,d7335ca2990a688fb8c7c79302942ac446c2f33547277f97be8ededa1a35118a,tZqsf4qm7U@test.com
BJIcSdma78,d5dd72d491b0e6c4b12d90e1597c6850bd9cd63980d129223607b54d7c1d7f6d,BJIcSdma78@test.com
ZgWQIaN0hX,99ef0a31897a98fba9f4f681c30d3a0f54a6c9c3f554ee6ccbba45a505d5ef29,ZgWQIaN0hX@test.com
ekh6mX0dXz,a00c1339eda634a3a3014e7c644dda5d94b3b4d0a08300cdd4b1e899d729aaa2,ekh6mX0dXz@test.com
4tNtzTLsXA,a08089470ffc5e4bb53e3236ae1ccd255c3ab29b0536bace50826b455e2ba979,4tNtzTLsXA@test.com
EByD73bqTu,c2265f7c8926a3785bebb361b8d051c4a90fc5154d7cc6162c02042ce3c9f54a,EByD73bqTu@test.com
cvSZWINc1O,2b81e29ff86f74e4a55b02646519a959ce68824e3cf711e67e2c13ae4d592a8f,cvSZWINc1O@test.com
r9jcaGjAkp,a76d5a08974aafe3040268e5a25c286b54082bd7d02164be4ce9e0e6357c1277,r9jcaGjAkp@test.com
d356srTCPh,7a44a2e1e27c899449b14a15edc059caf0d61f975a5f62514184591b139a0add,d356srTCPh@test.com
wdbIFY4kAI,23931bc0167d710aea49c7810ae3a2fd14d713026eca0bfd6acabe15ace7ec37,wdbIFY4kAI@test.com
d3Fg2Zslxz,9689b784134e97414e4d46a9f5fb70f4ec3b2e8d215aff5e3def066924e4e12a,d3Fg2Zslxz@test.com
2EFdXx1OZr,141d9630a4769a5befb1861717f9d10bb04f8f113f4d5f2b4d365e1153109c21,2EFdXx1OZr@test.com
EdBzztGSEJ,efe4ad3012f2c0f876fc6008011267782f4a176cd24e0bc4bb1d001959904698,EdBzztGSEJ@test.com
rhyVHabgu9,6fd761385093001619e88a214c4c78226c99f0c8156b1b35e9457096b99380fc,rhyVHabgu9@test.com
oBhVvyVr5L,4eb5d35c60cd6c96a0e6fd5637b6cd61f390a31d9646d9ac2c2ca6db841b534b,oBhVvyVr5L@test.com
hU8BSLwy4Q,16b1caf19611427db7f27497b0aace71e351d8671bb41e288ec3d57477f065f5,hU8BSLwy4Q@test.com
16ZYbvLBMV,cc9b847dba3bd3293b7160024648271f9a7f37d81ac4401bc0c34e8415fa8264,16ZYbvLBMV@test.com
qlMEmEn0Zy,870c0bd34ccf7725c5a4bef28b95ebbf49b6c02bc8bdbaefef6ead09625f24b6,qlMEmEn0Zy@test.com
98nv2MIQyC,a03447194abc93fae310125cfef4ab4eab622852a2f93e2e19b79356e9098e19,98nv2MIQyC@test.com
JiKLsnDOeI,aee84376ea76a846fea1d0c45a750b1bde3b685e587e8ad02f36c4b70d3c4ef4,JiKLsnDOeI@test.com
Krt1fkRUcz,5ca190653a880726dcfb8a8b0b27e5707773d8b472d620dfef4f7ed06bafcfb1,Krt1fkRUcz@test.com
HQV3dGKt9W,124189170e4201856d4bf6adcfce2e539e0e7cd31a7292cc05379f8f67b31f23,HQV3dGKt9W@test.com
ILiIQaXJSj,2801118f8f90d27ed5f31cb07613164855c827a63abe11c07e6ea8f293c0c692,ILiIQaXJSj@test.com
zyetfy47jE,6f5ffa91b0a222544296f0106e89eaa0ecbc28c6f4ddfdfe4d2446b1df4b3087,zyetfy47jE@test.com
ORsTq6BFZb,9550f00ecdcbd62bf37e97b4881fc2aa2b0977f6b4d4ed7a86d07635e6179f82,ORsTq6BFZb@test.com
L7hXpqJ6fh,12cc1cc7591f03bcdada99d98d3b02131dbdad8134d9a1aa0b0666cb9a15301b,L7hXpqJ6fh@test.com
IEMibto2sk,7f1ce0de3fa7190d95de153a7185e20925a7f4143dcdac0928ddb2ebea2931bd,IEMibto2sk@test.com
FJGBfISVQP,25923af43296ec73410e4f5a7b860177d45b36c839a937f7a52c05900f7835ce,FJGBfISVQP@test.com
cafVKURLl8,881b43a0dc48fd3b3b38c9e7c36b9781d2258999465bc40d028ce80d5c478d98,cafVKURLl8@test.com
AzYdvVV3nl,412eb2ff28ecafd068c005a47495000a198d8b00c3ce15bdd5edbb90a66757fd,AzYdvVV3nl@test.com
2ooVXRsXyU,46c96c0df42beb810708b94ad242a1f073e8b8f8b139b81d3509e9a2c32e3902,2ooVXRsXyU@test.com
ubBfdE2HwC,c4245736118343d1bb7541b05fddb0e7e27e4ae75f8d276f2de03428145ca5d8,ubBfdE2HwC@test.com
m6oc9n4ipe,c94a47cc1a08b0e0a2dc5a5a6ac775358f4a8550f36b355ea0e4db490696efca,m6oc9n4ipe@test.com
IRW5Wi7mOe,337de662f46afa31fc675dcc0289e6bdfd78417aa08247c02ea97b90280af8f3,IRW5Wi7mOe@test.com
M4ywT7K09P,272925a19fa7d1754cd4ef21fc6645bed50c247db7c511c08374333319d47c1e,M4ywT7K09P@test.com
zPFMIN9U28,8cc20d8f4fd0689710ce23013f4574861287ba1f29965972db754505293ebe7f,zPFMIN9U28@test.com
AgJpcOd5bu,bf3d7f65342fbdebdd0ee9980912f6b313f42b6c0789ff9ab01c8899e983c6ec,AgJpcOd5bu@test.com
sb1W6CbDDa,d03bc74bc48145e31b7b4c45bee552b90dbadd4e5afc3c0d3a12f58809453a51,sb1W6CbDDa@test.com
43dTsyJjjU,46a48d764bcc41a105942ddd59a9fc2816b70847a6941510adfb11375d80ae6e,43dTsyJjjU@test.com
USMlyBL2wD,5d4b55452ba1e46a70f3e864a6539bcb46a40e3c030d4c5a03de2863ca11a829,USMlyBL2wD@test.com
9ST9PWPYiM,136304cb126d76aff57d26f4e13ea7880e9ecb4fe3f73cc43b1404e2e59de73f,9ST9PWPYiM@test.com
DkcenojwdT,0b4ee34dfb4f161676c1e53feed48c5698ddfd4af4d8dba524d55b228c5a3763,DkcenojwdT@test.com
QaVDVxyQkr,2c25f5cc91d12d19fe6055a0d6a10b4713aa035a618a61210d28a62db2c3823b,QaVDVxyQkr@test.com
tAtSXcXXuO,b9a9c9c71091aafc2c38589f5bd4a1f67b9aa76239128886de28096d648dd503,tAtSXcXXuO@test.com
yEf4Vl8WkQ,1ce25e6b26c584c18a26b3d36cb70a8721e1f0cc4d231faeecb5549af408e6be,yEf4Vl8WkQ@test.com
9MW5nNgTxq,a5bbb9adf65bb19344e9b1be3cfdc4a18c6b35bc587c53038cda8062d20c65a0,9MW5nNgTxq@test.com
oDXq1Ab6bR,da6c5df1ce25dd4ea95559049ee92b2798817800a80cffe43299fb8ef110e0be,oDXq1Ab6bR@test.com
qZfNuDvP0b,b94e15b86b3033c360c2314f4f437029d1cfcc8747a9f9f4f52e6e203a582f07,qZfNuDvP0b@test.com
Ko9YzG31DA,2d2fb8266d7ecc365022ccb2f1335a1a930b6ba5fa3eeefc2037560eea152c8e,Ko9YzG31DA@test.com
iLw1o6aUfV,5bc6c91acb17b8042bee12a004b490b69ba70c059380a78cf5c9dc13c15f5254,iLw1o6aUfV@test.com
LckplaY8al,b39b4114be118b70ff04debe4dc57fe7e7c6124e7abdbedf0ea7e10882dc7978,LckplaY8al@test.com
60HWV689IJ,65387311574883c09b27bdca95f51394879ef904c0b779c74bac9533d5a3ec2a,60HWV689IJ@test.com
6tn0XCrOLi,851e239e5b63cd98552e09fa54ec72fad77719fd1c1f640d85d82da9bfe9f9ce,6tn0XCrOLi@test.com
XZYHw8gSfw,dfd9ff4c06cbb57fcee3747a8ba3bc2bd41cb57c23e66f05336c764b053ede5d,XZYHw8gSfw@test.com
zS7S5jDCE0,70b8fe199f8ed664954ba7eeccd56924ca16a8f1cf8f66c03933f58fd00bd4b6,zS7S5jDCE0@test.com
jGLsGVIur6,d68839bc1bfc2d84d8ecc0b9fa2066a0d220d13dd0c17414570af97a70e5787d,jGLsGVIur6@test.com
MUUX2IZESG,26a709be57c7da2195faff266e6b6ce22d1ac739ee8eba8e19802105272df950,MUUX2IZESG@test.com
EgMAdwkISj,6c49d0843830525c3c1c7499e906cabdf4074082874ba314504105e2a4afb973,EgMAdwkISj@test.com
5xXeWvKonV,2f8eb9d13d94dd11fad0a2a2a3316a0812f61ce5d172022da768d4d6c447b377,5xXeWvKonV@test.com
EdayN85OqU,b929b7b1837f308da66fad9b34a5766ac071f0e858c0f669c8e592557efd489b,EdayN85OqU@test.com
9VoRCq0T0j,2e99c5950d17b200b45365978a430f7a31ca3a20f78869b1a31e91d1120efc1c,9VoRCq0T0j@test.com
kCfEQHKTUW,3fa87fec078b833633b6e4e4fc59282b57f90ddb4a24e9af69e9b1cef0780a49,kCfEQHKTUW@test.com
qOiKUXIqKE,ddd8da76b9f6cdcb34919753919d97741a369a7f01666c9172a938a07ac88e74,qOiKUXIqKE@test.com
NkHgnFSqSm,a85bf829584e23b491021490f56b05c3e8443307e5681ff19b8a8de709e3d311,NkHgnFSqSm@test.com
oS3gp2Qw7X,fb95fe8f6934f5f4cd9a40f861e537717a86884224b6f05fe413e17a1a3fdfe9,oS3gp2Qw7X@test.com
599hLbaGvJ,b001183f67834cf84aa1b310eb78e5dbc470a0f6c024576a7184c6c6936c7166,599hLbaGvJ@test.com
TsY76N6Rpd,049cb80ab875402ce2f546d17ed96a8db55aa28f28cdaea28a09089971ddbc8f,TsY76N6Rpd@test.com
78TGh9PHrV,c60a509057ea5df062f8b98eaec3469fad458303843b319b8b3913e3e16c5942,78TGh9PHrV@test.com
EwZNXnP1Jd,27fedee71848d342848c255c35632c05dbd6da863791baa6f42bfe712c8321dd,EwZNXnP1Jd@test.com
7M9AlFcLmV,5b1698653e21fd2470c1abacf75fde5c20191990d55c1e709bbb7d938995488b,7M9AlFcLmV@test.com
Q9GkljgLUh,261470599981d48ee4242bbbe393b4e07b75778f1c1abbc23a2e7e845bc2ebb0,Q9GkljgLUh@test.com
xjY7wo4bUh,c97319ff6566b0f6ce521e699e08a4e0c705d571655d986386e4d77db934b7ed,xjY7wo4bUh@test.com
EWhlBngahZ,80d42671aa2b2072731a50cd0dac86834e782c25a59aca5a05a994f9e58ffb41,EWhlBngahZ@test.com
AB2Cy1LUGK,98eb25bea28b826bf3566af19c5f9b03405a1bfc65725e67932d0c55e819474c,AB2Cy1LUGK@test.com
FtOwhKRVxF,d6c09daa1a53be918422386090eccdf52ca754901790ef76c554f726c182a4be,FtOwhKRVxF@test.com
HDAHXVuven,7264b319f4305d4585975227581ab6c42a76ff6df38ccde0e2de48013aef370c,HDAHXVuven@test.com
6MV1MnpziN,8de1a74591d590c88f13e87130b777d2108c540d980c3b344809a6a019b8442e,6MV1MnpziN@test.com
7FiiGx7mKR,a8729e624ea924f96ab9dffff286db48117990d6aadef12bda1cd4ed5159b360,7FiiGx7mKR@test.com
UmvsNFEASw,9272156b9f65bcb7f262b95a9df1bac8e93f8d88a6f5230fdd67035833a8a7f0,UmvsNFEASw@test.com
nEZuC5DadA,66da06353a6381400079c3804b361a06031009afa9224505bf7f7eaafb753f59,nEZuC5DadA@test.com
3CJeQxYMBu,3674687023df7fb7da2b2f6a0947d1f41c571b339837de65e06d9102b8050328,3CJeQxYMBu@test.com
7gEmfS3QT1,677468771a9421ac30e8e901cace8f0673dcd4bf5162637da15f898a0f3eb3cc,7gEmfS3QT1@test.com
ue8mGIDhuW,21ca90d57c799fe9e4d837916d234721d47eabcbe5ec8428bab6466ab70d0118,ue8mGIDhuW@test.com
g44ACMyogS,fa690f96c9e21f052f44549b53947eed3d0f23b4c727b559e603d93f27519d40,g44ACMyogS@test.com
vwYI5vGncM,1347c0cccec0d4629cad06574baee9d30ca869393483d66f4afd2e49494d2be8,vwYI5vGncM@test.com
tLijb8NRFz,7f78f57a1ed67259b4d803b883f70cd8ab0150aee75ae5c7362d217e644b4b3a,tLijb8NRFz@test.com
WfnGLy2IXb,64ea5722b6d6ecd343bcbaba6d1d4b03284c2511d2dbe20153d52199d57c9f17,WfnGLy2IXb@test.com
nlQcpYABZ7,7cd48d6ad8b1795b472298279d8ef41f1b0e171f6aa97735e6d242e84661c573,nlQcpYABZ7@test.com
82ASTGKpWr,ad5330c493f87753f5c7e96d3fcd6f91cd67e8b297bc19df3e54026a3f08bfff,82ASTGKpWr@test.com
MQwdXpp05q,a7a8c7624450a9e6047bbf77c7f9a4b547650f8f79cf21b1aabbded5d647bfb3,MQwdXpp05q@test.com
jMZ56boB3Y,7c385a3be2539864e03eb1ec1c8a6cb24c9b8a9a5b713a5cb534d1173ed1afbd,jMZ56boB3Y@test.com
nGKwTZ5i4B,98c427827dd40c5a844afe80e7ace8ed0673a8435764a4135c2e4d247e2cc5cb,nGKwTZ5i4B@test.com
1FMNnqVNqE,275eb4631a2c34f361a3d127ae4a993411c6b75c47186b74e72c024ac07ad554,1FMNnqVNqE@test.com
xbtwJOVuoT,fc362ecd591ab954392e202a5ea14b10d635f60646ac5ceb8acf75d98fe8ec72,xbtwJOVuoT@test.com
dw1SQMwKhC,1b62e5d09259cc67e1c89b0a32c09cac12209bcc990e02d99d87a2a07de59516,dw1SQMwKhC@test.com
afRK9tMzKJ,4febbf32b480db804d730329da006b8ce817b6833175205e1dd0f4cb641735cb,afRK9tMzKJ@test.com
2zePN3GO2f,2e5643adfa7cf883de518212e0e38c1d6bf271657ed7658f9651552957b03d82,2zePN3GO2f@test.com
OhofXMq4zA,04e4b1d475a74466d526de69e10b8186218f3ea395c4ae6d4bb82e2acd06ed73,OhofXMq4zA@test.com
4BCRddPgwb,da3389be15b60ccf6ad719545a517c0764da948329e4efa4b8947320f24c505f,4BCRddPgwb@test.com
3cB4RFcNjR,fb9b3a97418c772fabc8dc8d929e0490407791c9afc060b4308d1c05c10b6d05,3cB4RFcNjR@test.com
XfVg6C6KmD,2c97fd5ea70cc8e6567be9d117eb8cf823c42945d223cb1d889bfac9dd8d895c,XfVg6C6KmD@test.com
zMhjooRxlu,ce4308dec60c25dc0aa5acf27ac685ea970c9165ae8b45cb37fcfb2963da2629,zMhjooRxlu@test.com
93DItJTnyL,98c9faa59c7a914c078978a4b1712c39ae5754b799d1a27bde768620f7bca6f2,93DItJTnyL@test.com
MkGQLMAcsh,24c406e3b980f367ab524954d9a6a462be14d174775a53fb2f10406a22ecddad,MkGQLMAcsh@test.com
OsxmgcpKGu,3d70d991403251521a7f4b6031f284fd578ee6afb8c1c9d1b7a01c060a3fbfa2,OsxmgcpKGu@test.com
v9ZjE5qrVl,2759755a687db4ab98f7d8a445f2691063d3d8bf41df630ea150213774c31e66,v9ZjE5qrVl@test.com
uOSEQMUvOp,89291c5af52b70227cffb182a2e36948c7dba6d6bcaff75e14cf42d9afb2db37,uOSEQMUvOp@test.com
ha0WOS9DiS,1e3ca758a86ea12846b49acd8e388b36b33f11bad880bf278f38e85ca5a936c9,ha0WOS9DiS@test.com
nic5iPJs8E,0d283b4da6a86432f9fb9d754ea5a6e5fe39af0750dd638958ca63049c976aad,nic5iPJs8E@test.com
9c9OCDzuG1,c8a2e201ed99260dd97890d203380d33cd31d4972c79ef511c50a562f3b7618c,9c9OCDzuG1@test.com
1BU7aFb6ZG,96cf2a31117e461dcec0c68b662967912fe9aa59bdcaaafc47b6be8f30d7a7a9,1BU7aFb6ZG@test.com
2gLD6Xjime,1983534345a0e12df47ef11a919fccf08a6b18e1da1ab270cb0ed609806ff9b0,2gLD6Xjime@test.com
avBAWPDoxI,31245289a9d38320dc34bf69b4c292ddd6640b8c655598ff2b5e2045ca1c8b30,avBAWPDoxI@test.com
W3s8I7QMEB,4ebd927bb5327ab4e66d18c0266dd9832fb9420805a430facc024a6f870b5a72,W3s8I7QMEB@test.com
MolnvckdSt,b9828cc4dfbf36005a1838a810a24f6203ff12ab72205e1d403db36965381870,MolnvckdSt@test.com
xq7Of6ZPYf,9f020646cc5e83dafeb48171cd24250532574779a5978ad73e7b3d8c749ddf32,xq7Of6ZPYf@test.com
Q9bSao9MXv,08c1d51941255d7ecb6383c248a3da7b5c2d0c6cf761fa093eae5e71b3254986,Q9bSao9MXv@test.com
BGWi9lMFoo,a60f4e5817d2a2c8d999f24d10c8e2ada4c980a02f8f36ed5ef805588ccbec51,BGWi9lMFoo@test.com
i0Lh57SH6I,f53ee4ccb3ffbdb8ddd0329ee83482702fc556ac461f902f71553fd4884e957e,i0Lh57SH6I@test.com
FXcukryENk,bcfa006c1f5ca8e1957f7f9f013f533420a118ff08ede1f36438da2d82f4891d,FXcukryENk@test.com
QDHUKZDKUW,ee0281b22851b600ab68e005807e2d030eb0aea8a114d6e1e9553b5103a203a4,QDHUKZDKUW@test.com
rp5t2iJvny,6bd4191f3f579a02f01944214bff2462a3739a9d175b6ae7cb5337a1e69f3dc9,rp5t2iJvny@test.com
1UwNfiIhc1,e8195f043bc7e186b7b9e230e1dd20174eb5ff7c7105e8fc8de62ca6d575fee7,1UwNfiIhc1@test.com
In8dQFXN88,dfb5b51f89710febcbafe1552a0604b0a02f6e8dfbcd7d651c3048d9901ee1bb,In8dQFXN88@test.com
BHkYokCqHq,f00facad9a723094df42e79e55257a5993880b02a79a5a4d6286e1997b201a88,BHkYokCqHq@test.com
xSBuPcRIrb,ff38808c47cee8a80166c77101fd6ce6406ae9bcf69df3f251e72a5dae719735,xSBuPcRIrb@test.com
5LXdvxM1kJ,408511095e64df9b5781241b9df066c785492ded35b4e7ca688407d15d8ee24e,5LXdvxM1kJ@test.com
xSQv2B6Eaw,82f7aaa17017ec90e30e4b72dba73659d04567dc92b67147554512892c07ef04,xSQv2B6Eaw@test.com
NnRWvkVVBP,2365d901188d9da17925e009cd96545ba827c26ac9fd26fec961271af7871937,NnRWvkVVBP@test.com
hdaXOf7bSX,4d3e7bd0ccc1b0fd5c91d4261f68170462b1909a152756dca73fb7cb37233b42,hdaXOf7bSX@test.com
3qaaMvMRjC,62e4df661988d529a934baa06285f6c02ab8aa0dcee5cbc1e9f38a7bdb205e59,3qaaMvMRjC@test.com
c70O7tqtS7,e1d68161bd6a1d50c4f65cf078aab4656e154e145114f3f1cfca4e0438e341b3,c70O7tqtS7@test.com
sNfZShpRlQ,1715ccd98fbb177c8fe612b665e4d9717f306fc50ae6acf2d63f7ba2f3da4378,sNfZShpRlQ@test.com
KaFjNk4Vy0,6ba040bfcbce22a81cce53fa5ee355997b78c48e0428e1c9c6a2661ee5d48aa7,KaFjNk4Vy0@test.com
YeZqGdgJTh,ccf28add21071d6fa6396d0c800d81c2d366aea3002d54430d91b65c2462d9cc,YeZqGdgJTh@test.com
V6F3TSrFoA,ba781be1ba30b72355747940ae6ce784a1faa245f498e35707f8eaadc848294e,V6F3TSrFoA@test.com
eXUScLzOfu,d59c52f0ca0740d64ac7499e8f75b7f74420ba84070c5320fb37d4d92c82bf79,eXUScLzOfu@test.com
a7wWsvHRSC,a2f70f113f527653ae17075418d216ba0a264525efb04b5eb1622581fb1d0467,a7wWsvHRSC@test.com
NU7uqmm7id,394d9fb7b501e4181ea4e9167c3770b94cf9f9f6c12409e404efc1de7fad3b14,NU7uqmm7id@test.com
eqUjLR5t6q,06b8f5fe9ca6209cc5637c36ccb6891293806feaf047e9802d84788c826dfa28,eqUjLR5t6q@test.com
Sg5v6Su8lA,b64ce3e90e89c2000a329c16cff8a000ae2a1700925e35afeb8b9b5eb16f20c1,Sg5v6Su8lA@test.com
VG13kiJywi,3f5549021923f68bfb87475af07b24c457fa17c50008cd1236f93a6ee6325ab0,VG13kiJywi@test.com
dvEtlXB1I5,809b3a00be39ee61b4c72748b3112715aee51d598b001470ca737a2439631cd4,dvEtlXB1I5@test.com
8qAHG6iavd,dd0fe4e077a5c7e345fe088c6b2da6609715f33b7ac44c0509ed43292d9f9d33,8qAHG6iavd@test.com
DRUBa7bR9X,2f990c1da9d1af8c6b2f38f312031287b94728bdc43d9dadceaa2b5c55acbefc,DRUBa7bR9X@test.com
QpK9K0aeH9,78a82c458f44dd6d5ae8c8437526eb9491144e8f8ef001d33ab2ec768f2d5716,QpK9K0aeH9@test.com
76iYs27cmF,c209a250f2dc23653e5a21daef996e2a453c7e5cdfb8a78e2bd74adcf8313d90,76iYs27cmF@test.com
cGraiTsOzF,e8697f92c4e5d13edfbd9847759a857a130d294b8269de44c00ccebb3ac89f66,cGraiTsOzF@test.com
dMqGkjrj3T,f1511bccb001df2a23ec45bfd17d5fd9cff4ef92fb4afc9adf06beb8eab72a64,dMqGkjrj3T@test.com
MLwO2GNort,35bf7f6036eafa8695a2d3d6a8c2af89414625456115ccddeb41320bf21cbf84,MLwO2GNort@test.com
naTf03Muzl,8d9ec8365b987723cde7a17ad8a474e47e6413c6a7d9b5dd4b61747c7b893b0c,naTf03Muzl@test.com
b9UxeocP31,fa877a1336011bae8c7454bce8e959bf331227a9a99c2fa51082a6f581ddccba,b9UxeocP31@test.com
XH0oPphkj4,ad81082725db28967958180fdf692e2382e370cb4fa0ec8f0aff63a174ad7c66,XH0oPphkj4@test.com
8bnybBPbTq,6d42b810a0d2a15d3c1fd4ff519bea646681ad9988694cabc40abf33a605830b,8bnybBPbTq@test.com
bF4ouSjzY2,c620168d60910d66b611ac6c1f524ded1ec357cf4f673500cd7191dc6ea6f324,bF4ouSjzY2@test.com
6gPr2WFYoB,9a4ca4c69b78c0fce37ef72391ee0c2a52ffb84d1c0dd0d6a08704189d762bb3,6gPr2WFYoB@test.com
Z5tQdmmEkh,077edd01101f4d03ba018d5ca2ebafb7256bb714ae0b9144e6a713b9a6a7705b,Z5tQdmmEkh@test.com
jIgU7iT0w2,454198559b811bec95331712904b9c27295d03124c153834e6560b1a29e46423,jIgU7iT0w2@test.com
rQ9tUjAt7i,d3478988d78f0a6673af33c1fccaed982f38ed287a26a4214743c4b04c1e27df,rQ9tUjAt7i@test.com
gTaSnNXlsI,b6369a843abe0468e5aebddb92accbbfe43499a9788cd22b614aab998a8a862b,gTaSnNXlsI@test.com
y51EvZTafb,fc7ddb559498b4d6e45b8f51fa12d032d47e7c1c0ff3de7700cf40bb2c1efe49,y51EvZTafb@test.com
edomcneweF,d3cec9a6c59bc3d3e030f13f8e5102e7cc24f3b9f977d6842911bd7c665e6f81,edomcneweF@test.com
2XPkbrns0O,e3e4072f3637ae4db83898b8cdedecfcaf5b865eae4a59143f0d3b3fb368da8c,2XPkbrns0O@test.com
IVhat9yhMy,e2e1374dec67b76890961dc85c8982b6e6adb086f76e564c8a111eedc0eba069,IVhat9yhMy@test.com
Lv9866CJIQ,c34537840eed01be30cd30b8ffa452a78e05451aea8583708bfc589d07be3cf1,Lv9866CJIQ@test.com
